{"epoch/loss":3.7292943000793457,"epoch/val_loss":6.243857383728027,"epoch/val_age_output_loss":5.879944324493408,"epoch/age_group_output_loss":0.47060707211494446,"epoch/age_group_output_accuracy":0.8071986436843872,"epoch/val_age_output_mae":5.879944324493408,"epoch/epoch":36,"epoch/val_age_group_output_accuracy":0.6971153616905212,"_step":40,"_wandb":{"runtime":3125},"epoch/age_output_mae":3.4939894676208496,"_runtime":3125,"epoch/learning_rate":1.1718749703959475e-07,"epoch/val_age_group_output_loss":0.7278252840042114,"epoch/age_output_loss":3.4939894676208496,"_timestamp":1.771740931072761e+09}