{"epoch/val_age_output_loss":7.6996049880981445,"_step":0,"epoch/age_group_output_accuracy":0.6579884886741638,"epoch/val_loss":8.146644592285156,"epoch/learning_rate":0.0005000000237487257,"_timestamp":1.7717003796205535e+09,"epoch/val_age_output_mae":7.6996049880981445,"epoch/epoch":0,"epoch/age_output_mae":6.84065055847168,"_wandb":{"runtime":1477},"epoch/loss":7.225765705108643,"epoch/age_group_output_loss":0.7702317237854004,"epoch/val_age_group_output_accuracy":0.6107486486434937,"epoch/val_age_group_output_loss":0.8940823078155518,"_runtime":1477,"epoch/age_output_loss":6.84065055847168}