{"epoch/loss":14.73984432220459,"_step":31,"epoch/val_age_output_loss":13.957515716552734,"_runtime":3128,"epoch/age_group_output_loss":1.430647611618042,"epoch/age_group_output_accuracy":0.3671230971813202,"_timestamp":1.7715166712736754e+09,"epoch/age_output_mae":14.024535179138184,"epoch/learning_rate":6.24999984211172e-07,"epoch/val_age_group_output_accuracy":0.372424453496933,"epoch/age_output_loss":14.024535179138184,"epoch/val_loss":14.669325828552246,"epoch/val_age_output_mae":13.957515716552734,"epoch/val_age_group_output_loss":1.4236242771148682,"_wandb":{"runtime":3128},"epoch/epoch":31}